﻿{
    "version" : "21.0.0.1",
    "runtime" :
    {
        "target" :
        {
            "os" : "windows"
        },
        "framework" :
        [    
        "./nexacrolib/framework/Framework.js"
        ],
        "component" :
        [    
        "./nexacrolib/component/CompBase.js",
        "./nexacrolib/component/ComComp.js",
        "./nexacrolib/component/Grid.js",
        "./nexacrolib/component/ListView.js",
        "./nexacrolib/component/DeviceAPI.js",
        "./nexacrolib/component/DevPackLib/License.js",
        "./nexacrolib/component/DevPackLib/Frame.js",
        "./nexacrolib/component/DevPackLib/Util.js",
        "./nexacrolib/component/DevPackLib/Comp.js",
        "./nexacrolib/component/DevPackLib/Transaction.js",
        "./nexacrolib/component/DevPackLib/Validation.js",
        "./nexacrolib/component/DevPackLib/Popup.js",
        "./nexacrolib/component/DevPackLib/File.js",
        "./nexacrolib/component/DevPackLib/Message.js",
        "./nexacrolib/component/DevPackLib/Grid.js",
        "./nexacrolib/component/DevPackLib/Excel.js",
        "./nexacrolib/component/DevPackLib/ExtLib.js",
        "./nexacrolib/component/DevPackLib/Rest.js",
        "./nexacrolib/component/DevPackLib/CompOverride.js",
        "./nexacrolib/component/devPackModule/devPackModule.js",
        "./nexacrolib/component/Splitter/Splitter.js",
        "./nexacrolib/component/DxChart/DxChart.license.js",
        "./nexacrolib/component/DxChart/DxChart.js",
        "./nexacrolib/component/CryptoJS/jsbn.js",
        "./nexacrolib/component/CryptoJS/rsa.js",
        "./nexacrolib/component/CryptoJS/prng4.js",
        "./nexacrolib/component/CryptoJS/rng.js",
        "./nexacrolib/component/CryptoJS/sha256.js",
        "./nexacrolib/component/CryptoJS/RSAUtil.js",
        "./nexacrolib/component/ExcelCompJSXLS/opensource/jszip.js",
        "./nexacrolib/component/ExcelCompJSXLS/opensource/xlsx.js",
        "./nexacrolib/component/ExcelCompJSXLS/FileUtil.js",
        "./nexacrolib/component/ExcelCompJSXLS/ExportObjectJS.js",
        "./nexacrolib/component/ExcelCompJSXLS/ImportObjectJS.js"
        ],
        "environment" :
        [    
        {
        "icon":"./_resource_/_theme_/devPack/images/mobiletong.ico",
        "file":"./environment.xml.js"
        }
        ],
        "screen" :
        [    
        {"id":"desktop","type":"desktop","icon":"url('theme::devPack/images/mobiletong.ico')","filesecurelevel":"all","usehttpkeepalive":"true","themeid":"theme::devPack"}
        ],
        "xadl" :
        [
        {
        	"screenid":"desktop",
        	"launch":"./dxtobe.xadl.js",
        	"quickview":"./dxtobe.xadl.quickview.js",
        	"form":[]
        }
        ],  
        "protocol" :
        {
            "adaptors" :
            []
        },
        "resource" :
        {
            "windows" : {
                "updateurl" : "./",
                "timeout" : "30",
                "retry" : "3",
                "autoupdate" : "auto",
                "updatetype" : "server",
            "windows 10" : {
                "updateurl" : "",
                "enginesetupkey" : "701B46D8-E1C4-4A14-AC06-F537B82A814B",
                    "resources" :
                    [{"type" : "Engine", "file" : "../tpl/setup/nexacro/17.1/nexacro17_SetupRuntime_x86.exe", "targetpath" : "./", "version" : "17.1.3.1100"}]
                },
            "windows 8 / 8.1, windows 7, windows vista, windows server 2003, windows server 2008, windows server 2012, windows server 2016" : {
                "updateurl" : "",
                "enginesetupkey" : "701B46D8-E1C4-4A14-AC06-F537B82A814B",
                    "resources" :
                    [{"type" : "Engine", "file" : "../tpl/setup/nexacro/17.1/nexacro17_SetupRuntime_x86.exe", "targetpath" : "./", "version" : "17.1.3.1100"}]
                },
            "common" : {
                "updateurl" : "",
                    "resources" :
                    [{"type" : "Module", "file" : "nexacrolib.zip", "targetpath" : "", "version" : "0"},
                    {"type" : "File", "file" : "nexacro17lib.zip", "targetpath" : "./", "version" : "0"}]
                }
            }
        },
		"deploy" :
        {
            "windows" : {
                "updateurl" : "./",
            "windows 10" : {
                "updateurl" : "",
                "enginesetupkey" : "701B46D8-E1C4-4A14-AC06-F537B82A814B",
                    "resources" :
                    [{"type" : "Engine", "file" : "../tpl/setup/nexacro/17.1/nexacro17_SetupRuntime_x86.exe", "targetpath" : "./", "version" : "17.1.3.1100"}]
                },
            "windows 8 / 8.1, windows 7, windows vista, windows server 2003, windows server 2008, windows server 2012, windows server 2016" : {
                "updateurl" : "",
                "enginesetupkey" : "701B46D8-E1C4-4A14-AC06-F537B82A814B",
                    "resources" :
                    [{"type" : "Engine", "file" : "../tpl/setup/nexacro/17.1/nexacro17_SetupRuntime_x86.exe", "targetpath" : "./", "version" : "17.1.3.1100"}]
                },
            "common" : {
                "updateurl" : "",
                    "resources" :
                    [{"type" : "Module", "file" : "nexacrolib.zip", "targetpath" : "", "version" : "0"},
                    {"type" : "File", "file" : "nexacro17lib.zip", "targetpath" : "./", "version" : "0"}]
                }
            }
        },
        "userfont" :
        [

        ]
    }
}
